"DESCRIPTION","DURATION IN MS","NAME","PARENT SUITE","START TIME","STATUS","STOP TIME","SUB SUITE","SUITE","TEST CLASS","TEST METHOD"
"","357","Нельзя создать курьера с уже существующим логином","tests","2026-09-26","passed","2026-09-26","TestCreateCourier","test_create_courier","",""
"","340","Нельзя создать курьера без обязательного поля: password","tests","2026-09-26","passed","2026-09-26","TestCreateCourier","test_create_courier","",""
"","729","Создание заказа с цветом: ['GREY']","tests","2026-09-26","passed","2026-09-26","TestCreateOrder","test_create_order","",""
"","1112","Курьера можно создать","tests","2026-09-26","passed","2026-09-26","TestCreateCourier","test_create_courier","",""
"","332","Нельзя авторизоваться с неправильным логином","tests","2026-09-26","passed","2026-09-26","TestLoginCourier","test_login_courier","",""
"","336","Нельзя авторизоваться без обязательного поля: login","tests","2026-09-26","passed","2026-09-26","TestLoginCourier","test_login_courier","",""
"","342","Успешный логин возвращает id","tests","2026-09-26","passed","2026-09-26","TestLoginCourier","test_login_courier","",""
"","326","Курьер может авторизоваться","tests","2026-09-26","passed","2026-09-26","TestLoginCourier","test_login_courier","",""
"","756","Создание заказа с цветом: ['BLACK', 'GREY']","tests","2026-09-26","passed","2026-09-26","TestCreateOrder","test_create_order","",""
"","60345","Нельзя авторизоваться без обязательного поля: password","tests","2026-09-26","passed","2026-09-26","TestLoginCourier","test_login_courier","",""
"","705","Создание заказа с цветом: []","tests","2026-09-26","passed","2026-09-26","TestCreateOrder","test_create_order","",""
"","17891","В тело ответа возвращается список заказов","tests","2026-09-26","passed","2026-09-26","TestListOrders","test_list_orders","",""
"","331","Нельзя авторизоваться с неправильным паролем","tests","2026-09-26","passed","2026-09-26","TestLoginCourier","test_login_courier","",""
"","358","Нельзя авторизоваться под несуществующим пользователем","tests","2026-09-26","passed","2026-09-26","TestLoginCourier","test_login_courier","",""
"","355","Нельзя создать двух одинаковых курьеров","tests","2026-09-26","passed","2026-09-26","TestCreateCourier","test_create_courier","",""
"","763","Создание заказа с цветом: ['BLACK']","tests","2026-09-26","passed","2026-09-26","TestCreateOrder","test_create_order","",""
"","1081","Успешный запрос возвращает ok: true","tests","2026-09-26","passed","2026-09-26","TestCreateCourier","test_create_courier","",""
"","317","Нельзя создать курьера без обязательного поля: login","tests","2026-09-26","passed","2026-09-26","TestCreateCourier","test_create_courier","",""
"","15229","Список заказов не пустой","tests","2026-09-26","passed","2026-09-26","TestListOrders","test_list_orders","",""
"","788","Тело ответа содержит track","tests","2026-09-26","passed","2026-09-26","TestCreateOrder","test_create_order","",""
"","1038","Правильный код ответа 201 при создании курьера","tests","2026-09-26","passed","2026-09-26","TestCreateCourier","test_create_courier","",""
